Name,Difficulty,Length,Location,Description
Puerto Ferro Trail (East),Easy,0.29 mi,Puerto Ferro Peninsula,Starts at the second parking lot on the Puerto Ferro Peninsula and leads to the historic Puerto Ferro Lighthouse. A small side trail provides access to Puerto Ferro Beach.
Puerto Mosquito National Natural Landmark Trail (East),Moderate,2.5 mi,VNWR Entrance Parking Lot,"Triangle hike leading to an observation platform overlooking Puerto Mosquito National Natural Landmark, Puerto Mosquito Bioluminescent Bay, Puerto Ferro Bay, and surrounding areas."
Playuela Trail (East),Easy,0.42 mi,"Playuela Trail Parking Lot (18°06'48""N 65°24'52""W)","Ecotone trail through dry forest and mangrove forest. Habitat for warblers, ducks, shorebirds, and bats. Ends at Playuela Beach."
Cerro Playuela Trail (East),Moderate,0.95 mi,"Cerro Playuela Parking Lot (18°06'24""N 65°25'26""W)","Climbs from mangrove forest into dry forest. Scenic overlooks include Corcho Beach, Caribbean Sea cliffs, and Playuela Beach."
Tapon Trail (East),Moderate,0.85 mi,Tapon Bay Parking Lot,Mangrove forest trail connecting to Caracas Beach. Excellent birdwatching opportunities including warblers and shorebirds.
El Pobre Trail (West),Easy,0.50 mi,Punta Arenas Main Road Entrance,Leads through a mangrove forest with endemic and migratory birds and ends at the mouth of Kianí Lagoon.
Berdiales Beach Trail,Easy,0.04 mi,Puerto Ferro Peninsula,Short trail leading to the historic Puerto Ferro Lighthouse with nearby access to Puerto Ferro Beach.
Caracas Beach Trail,Easy,0.27 mi,Unknown,No description available.
Cerro Caracas Trail,Easy,0.18 mi,Unknown,No description available.
Cerro Playuela,Moderate,1.02 mi,Unknown,No description available.
Kiani Boardwalk,Easy,0.05 mi,Unknown,No description available.
Los Probres,Moderate,0.89 mi,Unknown,Boardwalk trail through coastal habitat.
Playuela Beach Trail,Moderate,0.60 mi,Unknown,No description available.
Puerto Ferro Lighthouse,Easy,0.33 mi,Unknown,Trail leading to Playuela Beach.
Puerto Mosquito NNL Observation Deck Trail,Easy,0.04 mi,Puerto Ferro Lighthouse,Short trail to the historic lighthouse.
Puerto Mosquito NNL Trail,Moderate,0.65 mi,Puerto Mosquito National Natural Landmark,Trail leading to the observation deck.
Punta Galina Trail,Easy,0.25 mi,Puerto Mosquito National Natural Landmark,Short trail within the landmark.
Tapon Bay Trail,Moderate,0.81 mi,Unknown,No description available.
